Temp_K,Inv_Temp,k_value,ln_k
323,0.0030959752321981426,0.01049119956042482,-4.557218510354338
343,0.0029154518950437317,0.05824868465627339,-2.843033767799464
353,0.0028328611898017,0.09282705886885367,-2.3770170990534285
